epoch,avg_loss,accuracy,seconds
1,0.000000,0.000000,21.1
2,0.000000,0.000000,4.3
3,0.000000,0.000000,4.3
