epoch,avg_loss,accuracy,seconds
1,0.000000,0.000000,48.0
2,0.000000,0.000000,55.9
3,0.000000,0.000000,43.7
